NcuLink,NcuTitle
openlink.php?title=1&with_ebook=on,1 (1343)
openlink.php?title=python&with_ebook=on,python (81)
openlink.php?title=%E4%B8%89%E4%BD%93&with_ebook=on,三体 (59)
openlink.php?title=matlab&with_ebook=on,matlab (54)
openlink.php?title=%E4%BA%BA%E7%B1%BB%E7%AE%80%E5%8F%B2&with_ebook=on,人类简史 (45)
openlink.php?title=%E5%B7%A5%E7%A8%8B%E5%8C%96%E5%AD%A6%E5%9F%BA%E7%A1%80&with_ebook=on,工程化学基础 (39)
openlink.php?title=%E5%9B%B4%E5%9F%8E&with_ebook=on,围城 (37)
openlink.php?title=%E6%98%8E%E6%9C%9D%E9%82%A3%E4%BA%9B%E4%BA%8B%E5%84%BF&with_ebook=on,明朝那些事儿 (34)
openlink.php?title=%E5%A6%82%E4%BD%95%E9%98%85%E8%AF%BB%E4%B8%80%E6%9C%AC%E4%B9%A6&with_ebook=on,如何阅读一本书 (33)
openlink.php?title=ansys&with_ebook=on,ansys (33)
openlink.php?title=%E6%95%B0%E5%AD%97%E5%9B%BE%E5%83%8F%E5%A4%84%E7%90%86&with_ebook=on,数字图像处理 (32)
openlink.php?title=%E5%B9%B3%E5%87%A1%E7%9A%84%E4%B8%96%E7%95%8C&with_ebook=on,平凡的世界 (32)
openlink.php?title=%E6%B7%B1%E5%BA%A6%E5%AD%A6%E4%B9%A0&with_ebook=on,深度学习 (29)
openlink.php?title=%E7%84%8A%E6%8E%A5%E6%9C%BA%E5%99%A8%E4%BA%BA&with_ebook=on,焊接机器人 (29)
openlink.php?title=%E6%9C%89%E6%9C%BA%E5%8C%96%E5%AD%A6&with_ebook=on,有机化学 (28)
openlink.php?title=%E6%BC%8F%E6%B4%9E%E5%88%A9%E7%94%A8&with_ebook=on,漏洞利用 (27)
openlink.php?title=%E4%B8%87%E5%8E%86%E5%8D%81%E4%BA%94%E5%B9%B4&with_ebook=on,万历十五年 (27)
openlink.php?title=%E5%AD%A6%E6%9C%AF%E8%8B%B1%E8%AF%AD&with_ebook=on,学术英语 (26)
openlink.php?title=%E7%BB%8F%E6%B5%8E%E5%AD%A6%E5%8E%9F%E7%90%86&with_ebook=on,经济学原理 (25)
openlink.php?title=%E7%BB%9F%E8%AE%A1%E5%AD%A6&with_ebook=on,统计学 (24)
openlink.php?title=%E5%A4%A7%E5%AD%A6%E7%89%A9%E7%90%86&with_ebook=on,大学物理 (24)
openlink.php?title=%E6%B4%BB%E7%9D%80&with_ebook=on,活着 (24)
openlink.php?title=%E6%95%B0%E6%8D%AE%E7%BB%93%E6%9E%84&with_ebook=on,数据结构 (24)
openlink.php?title=%E8%BF%BD%E9%A3%8E%E7%AD%9D%E7%9A%84%E4%BA%BA&with_ebook=on,追风筝的人 (23)
openlink.php?title=%E4%B8%9C%E9%87%8E%E5%9C%AD%E5%90%BE&with_ebook=on,东野圭吾 (23)
openlink.php?title=%E9%A1%B9%E7%9B%AE%E9%A3%8E%E9%99%A9%E7%AE%A1%E7%90%86&with_ebook=on,项目风险管理 (23)
openlink.php?title=%E8%AE%A1%E7%AE%97%E6%9C%BA%E4%BA%8C%E7%BA%A7&with_ebook=on,计算机二级 (22)
openlink.php?title=%E9%AB%98%E7%AD%89%E6%95%B0%E5%AD%A6&with_ebook=on,高等数学 (22)
openlink.php?title=%E8%A1%80%E5%AD%97%E7%9A%84%E7%A0%94%E7%A9%B6&with_ebook=on,血字的研究 (21)
openlink.php?title=%E7%94%9F%E7%89%A9%E5%8C%96%E5%AD%A6&with_ebook=on,生物化学 (21)
openlink.php?title=c%2B%2B&with_ebook=on,c++ (21)
openlink.php?title=java&with_ebook=on,java (20)
openlink.php?title=%E7%BA%BF%E6%80%A7%E4%BB%A3%E6%95%B0&with_ebook=on,线性代数 (20)
openlink.php?title=linux&with_ebook=on,linux (20)
openlink.php?title=%E7%A7%BB%E5%8A%A8%E6%9C%BA%E5%99%A8%E4%BA%BA&with_ebook=on,移动机器人 (19)
openlink.php?title=%E4%BF%A1%E5%8F%B7%E4%B8%8E%E7%B3%BB%E7%BB%9F&with_ebook=on,信号与系统 (19)
openlink.php?title=%E5%88%91%E6%B3%95%E7%9A%84%E7%A7%81%E5%A1%BE&with_ebook=on,刑法的私塾 (19)
openlink.php?title=%E7%BB%8F%E6%B5%8E%E5%AD%A6&with_ebook=on,经济学 (19)
openlink.php?title=%E6%9C%BA%E5%99%A8%E5%AD%A6%E4%B9%A0&with_ebook=on,机器学习 (19)
openlink.php?title=abaqus&with_ebook=on,abaqus (19)
openlink.php?title=%E5%A4%A7%E6%95%B0%E6%8D%AE&with_ebook=on,大数据 (18)
openlink.php?title=%E8%AE%B8%E4%B8%89%E8%A7%82%E5%8D%96%E8%A1%80%E8%AE%B0&with_ebook=on,许三观卖血记 (18)
openlink.php?title=%E7%AE%97%E6%B3%95&with_ebook=on,算法 (18)
openlink.php?title=%E8%AE%A1%E7%AE%97%E6%9C%BA%E7%BD%91%E7%BB%9C&with_ebook=on,计算机网络 (18)
openlink.php?title=%E6%9D%90%E6%96%99%E7%83%AD%E5%8A%9B%E5%AD%A6&with_ebook=on,材料热力学 (17)
openlink.php?title=catia&with_ebook=on,catia (17)
openlink.php?title=%E5%88%98%E6%85%88%E6%AC%A3&with_ebook=on,刘慈欣 (17)
openlink.php?title=%E5%8D%9A%E5%BC%88%E8%AE%BA&with_ebook=on,博弈论 (17)
openlink.php?title=java%E6%A0%B8%E5%BF%83%E6%8A%80%E6%9C%AF&with_ebook=on,java核心技术 (17)
openlink.php?title=%E6%95%B0%E5%AD%97%E5%9B%BE%E5%83%8F%E5%A4%84%E7%90%86%E4%B8%8E%E6%9C%BA%E5%99%A8%E8%A7%86%E8%A7%89&with_ebook=on,数字图像处理与机器视觉 (16)
openlink.php?title=%E6%9C%AA%E6%9D%A5%E7%AE%80%E5%8F%B2&with_ebook=on,未来简史 (16)
openlink.php?title=%E9%9D%9E%E6%9A%B4%E5%8A%9B%E6%B2%9F%E9%80%9A&with_ebook=on,非暴力沟通 (16)
openlink.php?title=%E7%BB%8F%E6%B5%8E%E5%8D%9A%E5%BC%88%E8%AE%BA&with_ebook=on,经济博弈论 (16)
openlink.php?title=%E9%AB%98%E5%88%86%E5%AD%90%E7%89%A9%E7%90%86&with_ebook=on,高分子物理 (16)
openlink.php?title=%E7%94%B5%E5%AD%90%E6%8A%80%E6%9C%AF%E5%9F%BA%E7%A1%80%E6%A8%A1%E6%8B%9F%E9%83%A8%E5%88%86&with_ebook=on,电子技术基础模拟部分 (15)
openlink.php?title=%E9%87%91%E8%9E%8D%E5%AD%A6&with_ebook=on,金融学 (15)
openlink.php?title=%E5%9F%BA%E7%A1%80%E6%9C%89%E6%9C%BA%E5%8C%96%E5%AD%A6&with_ebook=on,基础有机化学 (15)
openlink.php?title=%E6%B5%81%E4%BD%93%E5%8A%9B%E5%AD%A6&with_ebook=on,流体力学 (15)
openlink.php?title=%E8%8A%B1%E5%8D%89&with_ebook=on,花卉 (15)
openlink.php?title=c%E8%AF%AD%E8%A8%80&with_ebook=on,c语言 (15)
openlink.php?title=%E9%87%91%E8%9E%8D%E7%9A%84%E9%80%BB%E8%BE%91&with_ebook=on,金融的逻辑 (15)
openlink.php?title=%E6%80%81%E5%BA%A6&with_ebook=on,态度 (14)
openlink.php?title=%E5%8C%96%E5%B7%A5%E5%8E%9F%E7%90%86&with_ebook=on,化工原理 (14)
openlink.php?title=%E9%9C%8D%E4%B9%B1%E6%97%B6%E6%9C%9F%E7%9A%84%E7%88%B1%E6%83%85&with_ebook=on,霍乱时期的爱情 (14)
openlink.php?title=spss&with_ebook=on,spss (14)
openlink.php?title=%E4%B8%AD%E5%9B%BD%E6%96%B0%E9%97%BB%E5%A5%96%E4%BD%9C%E5%93%81%E9%80%89&with_ebook=on,中国新闻奖作品选 (14)
openlink.php?title=%E8%AE%A1%E7%AE%97%E6%9C%BA&with_ebook=on,计算机 (14)
openlink.php?title=%E6%9D%90%E6%96%99%E7%A7%91%E5%AD%A6%E5%9F%BA%E7%A1%80&with_ebook=on,材料科学基础 (14)
openlink.php?title=%E8%A1%8C%E4%B8%BA%E9%87%91%E8%9E%8D%E5%AD%A6&with_ebook=on,行为金融学 (14)
openlink.php?title=comsol&with_ebook=on,comsol (14)
openlink.php?title=%E6%95%B0%E5%AD%A6%E5%BB%BA%E6%A8%A1&with_ebook=on,数学建模 (13)
openlink.php?title=%E5%90%88%E5%90%8C%E6%B3%95&with_ebook=on,合同法 (13)
openlink.php?title=%E6%98%8E%E6%9C%9D%E9%82%A3%E4%BA%9B%E4%BA%8B&with_ebook=on,明朝那些事 (13)
openlink.php?title=%E7%BB%8F%E6%B5%8E%E5%AD%A6%E6%98%AF%E4%BB%80%E4%B9%88&with_ebook=on,经济学是什么 (13)
openlink.php?title=%E7%99%BE%E5%B9%B4%E5%AD%A4%E7%8B%AC&with_ebook=on,百年孤独 (13)
openlink.php?title=%E8%BF%90%E7%AD%B9%E5%AD%A6&with_ebook=on,运筹学 (13)
openlink.php?title=%E6%99%AE%E6%9E%97%E6%96%AF%E9%A1%BF%E5%BE%AE%E7%A7%AF%E5%88%86%E8%AF%BB%E6%9C%AC&with_ebook=on,普林斯顿微积分读本 (13)
openlink.php?title=%E6%9C%88%E4%BA%AE%E4%B8%8E%E5%85%AD%E4%BE%BF%E5%A3%AB&with_ebook=on,月亮与六便士 (13)
openlink.php?title=%E8%8B%B1%E8%AF%AD&with_ebook=on,英语 (13)
openlink.php?title=%E4%B8%AD%E7%BA%A7%E8%B4%A2%E5%8A%A1%E4%BC%9A%E8%AE%A1&with_ebook=on,中级财务会计 (13)
openlink.php?title=%E5%9B%BE%E7%81%B5%E6%95%B0%E5%AD%A6&with_ebook=on,图灵数学 (13)
openlink.php?title=%E5%9C%A8%E8%B7%AF%E4%B8%8A&with_ebook=on,在路上 (12)
openlink.php?title=%E4%B8%AD%E5%9B%BD%E7%9F%A5%E7%BD%91&with_ebook=on,中国知网 (12)
openlink.php?title=%E6%8C%AA%E5%A8%81%E7%9A%84%E6%A3%AE%E6%9E%97&with_ebook=on,挪威的森林 (12)
openlink.php?title=%E8%80%83%E7%A0%94%E8%8B%B1%E8%AF%AD&with_ebook=on,考研英语 (12)
openlink.php?title=%E6%83%85%E6%8A%A5%E7%A0%94%E7%A9%B6&with_ebook=on,情报研究 (12)
openlink.php?title=%E6%97%A0%E4%BA%BA%E6%9C%BA&with_ebook=on,无人机 (12)
openlink.php?title=%E5%B7%A5%E7%A8%8B%E4%BC%A6%E7%90%86&with_ebook=on,工程伦理 (12)
openlink.php?title=%E4%BC%A0%E7%83%AD%E5%AD%A6&with_ebook=on,传热学 (12)
openlink.php?title=%E4%BA%BA%E9%97%B4%E5%A4%B1%E6%A0%BC&with_ebook=on,人间失格 (12)
openlink.php?title=%E9%A3%9F%E5%93%81%E8%90%A5%E5%85%BB%E5%AD%A6&with_ebook=on,食品营养学 (12)
openlink.php?title=%E5%BE%AE%E8%A7%82%E7%BB%8F%E6%B5%8E%E5%AD%A6&with_ebook=on,微观经济学 (12)
openlink.php?title=%E7%8E%B0%E4%BB%A3%E6%8E%A7%E5%88%B6%E7%90%86%E8%AE%BA&with_ebook=on,现代控制理论 (12)
openlink.php?title=%E8%B4%A2%E7%BB%8F%E6%8A%A5%E9%81%93%E6%A6%82%E8%AE%BA&with_ebook=on,财经报道概论 (12)
openlink.php?title=%E5%85%AD%E7%BA%A7&with_ebook=on,六级 (11)
openlink.php?title=android&with_ebook=on,android (11)
openlink.php?title=cad&with_ebook=on,cad (11)
openlink.php?title=%E5%85%AC%E5%8F%B8%E6%B3%95&with_ebook=on,公司法 (11)
openlink.php?title=%E4%B9%8C%E5%90%88%E4%B9%8B%E4%BC%97&with_ebook=on,乌合之众 (11)
openlink.php?title=%E6%A2%A6%E7%9A%84%E8%A7%A3%E6%9E%90&with_ebook=on,梦的解析 (11)
